id,created_at,organizationpillar_id,period,weight,year,academicprogram_id,osgradingsystem_id,hours,exchangeRate,awards_id,GPA,pointsLetterReference,pointsEssays,AwardName1,hoursAward1,pointsAward1,AwardName2,hoursAward2,pointsAward2,AwardName3,hoursAward3,pointsAward3,totalhours,startDate,endDate
01858747-1b5f-424d-8ecf-9155776ab558,1724264259860,73533523-991b-4ec9-8475-bc1588f307d5,3,7.5,2023,123,2,195,26,"[{""id"":1,""field_0"":""Test"",""field_0_name"":""name"",""field_0_type"":""text"",""field_0_list"":false,""field_1"":1,""field_1_name"":""id"",""field_1_type"":""int"",""field_1_list"":false}]",4,5,4,name1,3,4,name2,7,2,name3,7,4,4,2025-08-01,2026-08-01
01ad0ebc-e4ad-437b-b5f8-c97196d83bea,1724295107603,83fee40d-f660-48c5-a22f-9794bf229a23,1,10,2023,126,4,0,0,"[{""id"":1,""field_0"":""Test"",""field_0_name"":""name"",""field_0_type"":""text"",""field_0_list"":false,""field_1"":1,""field_1_name"":""id"",""field_1_type"":""int"",""field_1_list"":false}]",4,5,5,name1,0,0,name2,0,0,name3,0,0,4,2023-08-07,2024-08-07
032a5894-3244-43a3-affc-c72021326e9f,1724264259721,6ea3251c-79ac-4d26-8331-6d6c5474ba3f,3,,,123,4,0,0,[],0,0,0,,0,0,,0,0,,0,0,0,2025-08-01,2026-08-01
0395dba5-0f06-4a87-bd29-0321433655a7,1732742993608,686875dc-b456-4d20-9d42-9668819e060f,1,7.5,2023,132,1,0,0,"[{""id"":1,""field_0"":""Test"",""field_0_name"":""name"",""field_0_type"":""text"",""field_0_list"":false,""field_1"":1,""field_1_name"":""id"",""field_1_type"":""int"",""field_1_list"":false}]",4,0,0,name1,0,0,4,0,0,name3,0,0,4,2024-08-05,2025-08-05
0396b76b-1f9f-4cb7-bf08-b28b37b6baa6,1724295109650,686875dc-b456-4d20-9d42-9668819e060f,4,7.5,2023,126,2,0,0,"[{""id"":1,""field_0"":""Test"",""field_0_name"":""name"",""field_0_type"":""text"",""field_0_list"":false,""field_1"":1,""field_1_name"":""id"",""field_1_type"":""int"",""field_1_list"":false}]",4,0,0,name1,0,0,4,0,0,name3,0,0,4,2026-08-07,2027-08-07
03c48e4d-c319-4369-a8d1-36e3212150c6,1724264326012,686875dc-b456-4d20-9d42-9668819e060f,4,7.5,2023,124,1,0,0,"[{""id"":1,""field_0"":""Test"",""field_0_name"":""name"",""field_0_type"":""text"",""field_0_list"":false,""field_1"":1,""field_1_name"":""id"",""field_1_type"":""int"",""field_1_list"":false}]",4,5,5,name1,3,4,0,7,2,name3,7,4,4,2026-08-01,2027-08-01
05fc4300-51a5-4bce-8b59-1fbb625a49df,1732737741815,479e824b-31a0-49c0-b770-2b218c03e7e1,2,7.5,2023,131,2,130,17.33,"[{""id"":1,""field_0"":""Test"",""field_0_name"":""name"",""field_0_type"":""text"",""field_0_list"":false,""field_1"":1,""field_1_name"":""id"",""field_1_type"":""int"",""field_1_list"":false}]",4,5,4,name1,3,4,name2,7,2,name3,7,4,4,2025-08-05,2026-08-05
06fa4f73-09fe-45ea-bdc4-85c20423b971,1732737743104,83fee40d-f660-48c5-a22f-9794bf229a23,2,,,131,4,0,0,[],0,0,0,,0,0,,0,0,,0,0,0,2025-08-05,2026-08-05
0ba805f3-fd94-408d-9884-fecdc8814daf,1724264325455,b6ed8fc3-ee34-437a-8e1f-c6cfe11d7492,4,7.5,2023,124,2,186,24.8,"[{""id"":1,""field_0"":""Test"",""field_0_name"":""name"",""field_0_type"":""text"",""field_0_list"":false,""field_1"":1,""field_1_name"":""id"",""field_1_type"":""int"",""field_1_list"":false}]",4,5,4,name1,3,4,name2,7,2,name3,7,4,4,2026-08-01,2027-08-01
0f7b5d00-a62c-4867-be51-ced8e7c6328b,1724712311116,cafe5850-3e06-41ef-a3b6-e1a82c4eb17a,3,7.5,2023,127,2,116,15.47,"[{""id"":1,""field_0"":""Test"",""field_0_name"":""name"",""field_0_type"":""text"",""field_0_list"":false,""field_1"":1,""field_1_name"":""id"",""field_1_type"":""int"",""field_1_list"":false}]",4,5,4,name1,3,4,name2,7,2,name3,7,4,4,2025-08-07,2026-08-07
116d3c97-4d28-473c-a7fa-558a0af5a719,1732241477249,1f82347d-0ea6-4496-958c-2aa5e8604f20,3,7.5,2023,130,2,0,0,"[{""id"":1,""field_0"":""Test"",""field_0_name"":""name"",""field_0_type"":""text"",""field_0_list"":false,""field_1"":1,""field_1_name"":""id"",""field_1_type"":""int"",""field_1_list"":false}]",4,0,0,name1,0,0,name2,0,0,name3,0,0,4,2026-08-12,2027-08-12
116e28dd-2199-4654-aaad-e65c79a31c8f,1726792334862,383a48ed-f185-4791-a5fd-67b8e849d2e4,2,10,2024,128,2,50,5,"[{""id"":1,""field_0"":""Test"",""field_0_name"":""name"",""field_0_type"":""text"",""field_0_list"":false,""field_1"":1,""field_1_name"":""id"",""field_1_type"":""int"",""field_1_list"":false}]",4,0,0,name1,0,0,name2,0,0,name3,0,0,4,2024-09-03,2025-03-03
127b4262-751a-4bbf-a450-2ed0340ee38a,1724295107981,83fee40d-f660-48c5-a22f-9794bf229a23,2,,,126,4,0,0,[],0,0,0,,0,0,,0,0,,0,0,0,2024-08-07,2025-08-07
1358d701-ca77-4287-94c1-82d1aa094d40,1732742994054,686875dc-b456-4d20-9d42-9668819e060f,2,7.5,2023,132,2,0,0,"[{""id"":1,""field_0"":""Test"",""field_0_name"":""name"",""field_0_type"":""text"",""field_0_list"":false,""field_1"":1,""field_1_name"":""id"",""field_1_type"":""int"",""field_1_list"":false}]",4,0,0,name1,0,0,4,0,0,name3,0,0,4,2025-08-05,2026-08-05
14593005-8b23-4d58-83f5-6bc336ec106c,1724264259359,73533523-991b-4ec9-8475-bc1588f307d5,2,7.5,2023,123,2,205,27.33,"[{""id"":1,""field_0"":""Test"",""field_0_name"":""name"",""field_0_type"":""text"",""field_0_list"":false,""field_1"":1,""field_1_name"":""id"",""field_1_type"":""int"",""field_1_list"":false}]",4,5,4,name1,3,4,name2,7,2,name3,7,4,4,2024-08-01,2025-08-01
14b42962-8f60-47d8-81d4-90beefc27463,1732742994923,83fee40d-f660-48c5-a22f-9794bf229a23,3,,,132,4,0,0,[],0,0,0,,0,0,,0,0,,0,0,0,2026-08-05,2027-08-05
15acfb8f-0ed0-41ec-babf-9789a39a4298,1724264259249,479e824b-31a0-49c0-b770-2b218c03e7e1,2,7.5,2023,123,2,130,17.33,"[{""id"":1,""field_0"":""Test"",""field_0_name"":""name"",""field_0_type"":""text"",""field_0_list"":false,""field_1"":1,""field_1_name"":""id"",""field_1_type"":""int"",""field_1_list"":false}]",4,5,4,name1,3,4,name2,7,2,name3,7,4,4,2024-08-01,2025-08-01
15d15961-e022-45f4-bb46-521526cc9973,1724295107446,686875dc-b456-4d20-9d42-9668819e060f,1,7.5,2023,126,1,0,0,"[{""id"":1,""field_0"":""Test"",""field_0_name"":""name"",""field_0_type"":""text"",""field_0_list"":false,""field_1"":1,""field_1_name"":""id"",""field_1_type"":""int"",""field_1_list"":false}]",4,0,0,name1,0,0,name2,0,0,name3,0,0,4,2023-08-07,2024-08-07
161c4026-a856-45de-bf55-f5cee1fa26f7,1724264324470,83fee40d-f660-48c5-a22f-9794bf229a23,2,,,124,4,0,0,[],0,0,0,,0,0,,0,0,,0,0,0,2024-08-01,2025-08-01
1bab5500-e969-43a7-bba7-387525fc1a40,1725382045001,383a48ed-f185-4791-a5fd-67b8e849d2e4,1,10,2023,128,2,50,5,"[{""id"":1,""field_0"":""Test"",""field_0_name"":""name"",""field_0_type"":""text"",""field_0_list"":false,""field_1"":1,""field_1_name"":""id"",""field_1_type"":""int"",""field_1_list"":false}]",4,0,0,name1,0,0,name2,0,0,name3,0,0,4,2024-09-03,2025-03-03
20960e6b-b077-4814-aa81-1bc60fab2eca,1724267148202,b6ed8fc3-ee34-437a-8e1f-c6cfe11d7492,4,,,125,2,0,0,[],0,0,0,,0,0,,0,0,,0,0,0,2027-08-02,2028-08-02
23c2e546-8e17-4e39-bd41-cb6b0ab90720,1724264324912,b6ed8fc3-ee34-437a-8e1f-c6cfe11d7492,3,7.5,2023,124,2,186,24.8,"[{""id"":1,""field_0"":""Test"",""field_0_name"":""name"",""field_0_type"":""text"",""field_0_list"":false,""field_1"":1,""field_1_name"":""id"",""field_1_type"":""int"",""field_1_list"":false}]",4,5,4,name1,3,4,name2,7,2,name3,7,4,4,2025-08-01,2026-08-01
24c207eb-f06e-4d70-9cc2-e18545745bad,1724712310499,cafe5850-3e06-41ef-a3b6-e1a82c4eb17a,2,7.5,2023,127,2,116,15.47,"[{""id"":1,""field_0"":""Test"",""field_0_name"":""name"",""field_0_type"":""text"",""field_0_list"":false,""field_1"":1,""field_1_name"":""id"",""field_1_type"":""int"",""field_1_list"":false}]",4,5,4,name1,3,4,name2,7,2,name3,7,4,4,2024-08-07,2025-08-07
252e9457-1cc9-40fb-b2e3-e30b499181cf,1728423684000,545d9bc3-4479-46fa-b242-de08a7ebd920,4,7.5,2023,129,2,116,15.47,"[{""id"":1,""field_0"":""Test"",""field_0_name"":""name"",""field_0_type"":""text"",""field_0_list"":false,""field_1"":1,""field_1_name"":""id"",""field_1_type"":""int"",""field_1_list"":false}]",4,5,4,name1,3,4,name2,7,2,name3,7,4,4,2027-09-01,2028-09-01
268a2fa6-b5fa-4f88-8124-ea3f5d2375b7,1732737743412,b6ed8fc3-ee34-437a-8e1f-c6cfe11d7492,4,7.5,2023,131,2,186,24.8,"[{""id"":1,""field_0"":""Test"",""field_0_name"":""name"",""field_0_type"":""text"",""field_0_list"":false,""field_1"":1,""field_1_name"":""id"",""field_1_type"":""int"",""field_1_list"":false}]",4,5,4,name1,3,4,name2,7,2,name3,7,4,4,2027-08-05,2028-08-05
26ae5264-1cce-4735-ad14-82058f4404bd,1724267147744,83fee40d-f660-48c5-a22f-9794bf229a23,3,,,125,4,0,0,[],0,0,0,,0,0,,0,0,,0,0,0,2026-08-02,2027-08-02
2835cb5c-f712-4c50-9088-9115309c5edb,1724712310727,de8dfe8e-da73-4c85-91a1-8dee7e304ab1,2,7.5,2023,127,2,116,15.47,"[{""id"":1,""field_0"":""Test"",""field_0_name"":""name"",""field_0_type"":""text"",""field_0_list"":false,""field_1"":1,""field_1_name"":""id"",""field_1_type"":""int"",""field_1_list"":false}]",4,0,0,name1,0,0,name2,0,0,name3,0,0,4,2024-08-07,2025-08-07
2857012b-2b21-4f00-876d-01f9e941a1f5,1732241476227,1f82347d-0ea6-4496-958c-2aa5e8604f20,1,7.5,2023,130,1,0,0,"[{""id"":1,""field_0"":""Test"",""field_0_name"":""name"",""field_0_type"":""text"",""field_0_list"":false,""field_1"":1,""field_1_name"":""id"",""field_1_type"":""int"",""field_1_list"":false}]",4,0,0,name1,0,0,name2,0,0,name3,0,0,4,2024-08-12,2025-08-12
29ebd9c0-0ab7-4aaa-9ad1-490b14fb63e3,1724264325101,83fee40d-f660-48c5-a22f-9794bf229a23,4,0,2023,124,4,0,0,"[{""id"":1,""field_0"":""Test"",""field_0_name"":""name"",""field_0_type"":""text"",""field_0_list"":false,""field_1"":1,""field_1_name"":""id"",""field_1_type"":""int"",""field_1_list"":false}]",4,5,5,name1,0,0,name2,0,0,name3,0,0,4,2026-08-01,2027-08-01
2da81f89-ef2e-4810-8ae7-101e8305a4f3,1728423684143,a4debeb0-3ad4-482f-9d0f-09b36d46e645,3,7.5,2023,129,2,116,15.47,"[{""id"":1,""field_0"":""Test"",""field_0_name"":""name"",""field_0_type"":""text"",""field_0_list"":false,""field_1"":1,""field_1_name"":""id"",""field_1_type"":""int"",""field_1_list"":false}]",4,5,4,name1,3,4,name2,7,2,name3,7,4,4,2026-09-01,2027-09-01
2e950d13-af84-4ae9-a1f9-37d25f5e9e52,1728423683571,545d9bc3-4479-46fa-b242-de08a7ebd920,3,7.5,2023,129,2,116,15.47,"[{""id"":1,""field_0"":""Test"",""field_0_name"":""name"",""field_0_type"":""text"",""field_0_list"":false,""field_1"":1,""field_1_name"":""id"",""field_1_type"":""int"",""field_1_list"":false}]",4,5,4,name1,3,4,name2,7,2,name3,7,4,4,2026-09-01,2027-09-01
2fcf065c-2080-4956-95de-f09aaa208a37,1724264259526,b6ed8fc3-ee34-437a-8e1f-c6cfe11d7492,3,7.5,2023,123,2,186,24.8,"[{""id"":1,""field_0"":""Test"",""field_0_name"":""name"",""field_0_type"":""text"",""field_0_list"":false,""field_1"":1,""field_1_name"":""id"",""field_1_type"":""int"",""field_1_list"":false}]",4,5,4,name1,3,4,name2,7,2,name3,7,4,4,2025-08-01,2026-08-01
3021951a-7936-4500-bb29-9f6493417115,1726792334875,f2e9a32d-2690-4203-80a6-abfac3d16777,3,10,2025,128,4,0,0,"[{""id"":1,""field_0"":""Test"",""field_0_name"":""name"",""field_0_type"":""text"",""field_0_list"":false,""field_1"":1,""field_1_name"":""id"",""field_1_type"":""int"",""field_1_list"":false}]",4,5,5,name1,0,0,name2,0,0,name3,0,0,4,2024-09-03,2025-03-03
30ec1022-3ce3-4171-8ed2-54e13b829622,1732742994440,479e824b-31a0-49c0-b770-2b218c03e7e1,3,7.5,2023,132,2,130,17.33,"[{""id"":1,""field_0"":""Test"",""field_0_name"":""name"",""field_0_type"":""text"",""field_0_list"":false,""field_1"":1,""field_1_name"":""id"",""field_1_type"":""int"",""field_1_list"":false}]",4,0,0,name1,0,0,name2,0,0,name3,0,0,4,2026-08-05,2027-08-05
310f6d85-c1ae-48a5-97b7-4b7b53d5a471,1728423683515,a4debeb0-3ad4-482f-9d0f-09b36d46e645,2,7.5,2023,129,2,116,15.47,"[{""id"":1,""field_0"":""Test"",""field_0_name"":""name"",""field_0_type"":""text"",""field_0_list"":false,""field_1"":1,""field_1_name"":""id"",""field_1_type"":""int"",""field_1_list"":false}]",4,5,4,name1,3,4,name2,7,2,name3,7,4,4,2025-09-01,2026-09-01
3160fa9a-8f84-4912-b00e-b1aaed88b279,1724264324972,479e824b-31a0-49c0-b770-2b218c03e7e1,3,7.5,2023,124,2,130,17.33,"[{""id"":1,""field_0"":""Test"",""field_0_name"":""name"",""field_0_type"":""text"",""field_0_list"":false,""field_1"":1,""field_1_name"":""id"",""field_1_type"":""int"",""field_1_list"":false}]",4,5,4,name1,3,4,name2,7,2,name3,7,4,4,2025-08-01,2026-08-01
32aeb24d-8e1c-4d9c-99ac-8b0915f5bdc3,1728423683055,68d4e275-1abb-42b7-9660-067332ecac37,1,10,2023,129,4,0,0,"[{""id"":1,""field_0"":""Test"",""field_0_name"":""name"",""field_0_type"":""text"",""field_0_list"":false,""field_1"":1,""field_1_name"":""id"",""field_1_type"":""int"",""field_1_list"":false}]",4,5,5,name1,0,0,name2,0,0,name3,0,0,4,2024-09-01,2025-09-01
33b9fb32-aa79-4345-86dc-fa883541abe9,1724295107996,b6ed8fc3-ee34-437a-8e1f-c6cfe11d7492,2,7.5,2023,126,2,186,24.8,"[{""id"":1,""field_0"":""Test"",""field_0_name"":""name"",""field_0_type"":""text"",""field_0_list"":false,""field_1"":1,""field_1_name"":""id"",""field_1_type"":""int"",""field_1_list"":false}]",4,5,4,name1,3,4,name2,7,2,name3,7,4,4,2024-08-07,2025-08-07
34a2495f-6b6d-44f6-94f0-06684f0639f5,1726792334866,f2e9a32d-2690-4203-80a6-abfac3d16777,2,10,2024,128,4,0,0,"[{""id"":1,""field_0"":""Test"",""field_0_name"":""name"",""field_0_type"":""text"",""field_0_list"":false,""field_1"":1,""field_1_name"":""id"",""field_1_type"":""int"",""field_1_list"":false}]",4,5,5,name1,0,0,name2,0,0,name3,0,0,4,2024-09-03,2025-03-03
38c67c68-6419-4437-b03d-90d50a6b44b8,1724267147153,686875dc-b456-4d20-9d42-9668819e060f,2,,,125,2,0,0,[],0,0,0,,0,0,,0,0,,0,0,0,2025-08-02,2026-08-02
38e0d7ee-8f42-4be9-967f-bc297310655b,1724267148255,83fee40d-f660-48c5-a22f-9794bf229a23,4,,,125,4,0,0,[],0,0,0,,0,0,,0,0,,0,0,0,2027-08-02,2028-08-02
3a0ba689-5d9a-40e8-a6c9-b3216fd3245a,1724295107418,b6ed8fc3-ee34-437a-8e1f-c6cfe11d7492,1,7.5,2023,126,2,186,24.8,"[{""id"":1,""field_0"":""Test"",""field_0_name"":""name"",""field_0_type"":""text"",""field_0_list"":false,""field_1"":1,""field_1_name"":""id"",""field_1_type"":""int"",""field_1_list"":false}]",4,5,4,name1,3,4,name2,7,2,name3,7,4,4,2023-08-07,2024-08-07
3a4aa764-121e-425e-9bda-3b9271c1048b,1732742993965,b6ed8fc3-ee34-437a-8e1f-c6cfe11d7492,2,7.5,2023,132,2,186,24.8,"[{""id"":1,""field_0"":""Test"",""field_0_name"":""name"",""field_0_type"":""text"",""field_0_list"":false,""field_1"":1,""field_1_name"":""id"",""field_1_type"":""int"",""field_1_list"":false}]",4,0,0,name1,0,0,name2,0,0,name3,0,0,4,2025-08-05,2026-08-05
3af1b209-ff40-4de4-862b-69fe66815275,1724267148124,479e824b-31a0-49c0-b770-2b218c03e7e1,4,,,125,2,0,0,[],0,0,0,,0,0,,0,0,,0,0,0,2027-08-02,2028-08-02
3c52e5b4-41f0-4fa2-9462-953dd0f6f861,1724264324292,479e824b-31a0-49c0-b770-2b218c03e7e1,1,7.5,2023,124,2,130,17.33,"[{""id"":1,""field_0"":""Test"",""field_0_name"":""name"",""field_0_type"":""text"",""field_0_list"":false,""field_1"":1,""field_1_name"":""id"",""field_1_type"":""int"",""field_1_list"":false}]",4,5,4,name1,3,4,name2,7,2,name3,7,4,4,2023-08-01,2024-08-01
3e6697e5-bee1-466e-bb8e-9dc5c6c8a73c,1732742994319,b6ed8fc3-ee34-437a-8e1f-c6cfe11d7492,3,7.5,2023,132,2,186,24.8,"[{""id"":1,""field_0"":""Test"",""field_0_name"":""name"",""field_0_type"":""text"",""field_0_list"":false,""field_1"":1,""field_1_name"":""id"",""field_1_type"":""int"",""field_1_list"":false}]",4,0,0,name1,0,0,name2,0,0,name3,0,0,4,2026-08-05,2027-08-05
3f907c2b-1183-4458-a923-57aae07a3eb8,1724264260408,479e824b-31a0-49c0-b770-2b218c03e7e1,4,7.5,2023,123,2,195,26,"[{""id"":1,""field_0"":""Test"",""field_0_name"":""name"",""field_0_type"":""text"",""field_0_list"":false,""field_1"":1,""field_1_name"":""id"",""field_1_type"":""int"",""field_1_list"":false}]",4,5,4,name1,3,4,name2,7,2,name3,7,4,4,2026-08-01,2027-08-01
412caa76-8d28-426c-ab13-483c13a10113,1724295109187,83fee40d-f660-48c5-a22f-9794bf229a23,4,,,126,4,0,0,[],0,0,0,,0,0,,0,0,,0,0,0,2026-08-07,2027-08-07
42b11dde-7ece-4145-8269-9befe651bf66,1732241476860,1f82347d-0ea6-4496-958c-2aa5e8604f20,2,7.5,2023,130,2,0,0,"[{""id"":1,""field_0"":""Test"",""field_0_name"":""name"",""field_0_type"":""text"",""field_0_list"":false,""field_1"":1,""field_1_name"":""id"",""field_1_type"":""int"",""field_1_list"":false}]",4,0,0,name1,0,0,name2,0,0,name3,0,0,4,2025-08-12,2026-08-12
43f88146-571f-4c99-9e27-401c43d5b036,1724264259290,0e38f5b5-c4de-43f8-9f81-85cb2eb008c0,2,7.5,2023,123,2,4,0.53,"[{""id"":1,""field_0"":""Test"",""field_0_name"":""name"",""field_0_type"":""text"",""field_0_list"":false,""field_1"":1,""field_1_name"":""id"",""field_1_type"":""int"",""field_1_list"":false}]",4,0,0,name1,0,0,name2,0,0,name3,0,0,4,2024-08-01,2025-08-01
45480adf-492b-4171-8cb6-65d33ae6889f,1724264258454,b6ed8fc3-ee34-437a-8e1f-c6cfe11d7492,1,7.5,2023,123,2,186,24.8,"[{""id"":1,""field_0"":""Test"",""field_0_name"":""name"",""field_0_type"":""text"",""field_0_list"":false,""field_1"":1,""field_1_name"":""id"",""field_1_type"":""int"",""field_1_list"":false}]",4,5,4,name1,3,4,name2,7,2,name3,7,4,4,2023-08-01,2024-08-01
47cb72b1-7b46-43b2-9fb3-66fa6fcefc86,1732737742061,83fee40d-f660-48c5-a22f-9794bf229a23,1,10,2023,131,4,0,0,"[{""id"":1,""field_0"":""Test"",""field_0_name"":""name"",""field_0_type"":""text"",""field_0_list"":false,""field_1"":1,""field_1_name"":""id"",""field_1_type"":""int"",""field_1_list"":false}]",4,5,5,name1,0,0,name2,0,0,name3,0,0,4,2024-08-05,2025-08-05
48143df1-dad1-4cb0-a0bd-1f5f09b7ca75,1724264260664,0d5b7dc4-b956-482a-a97f-38905d95c506,4,7.5,2023,123,2,186,24.8,"[{""id"":1,""field_0"":""Test"",""field_0_name"":""name"",""field_0_type"":""text"",""field_0_list"":false,""field_1"":1,""field_1_name"":""id"",""field_1_type"":""int"",""field_1_list"":false}]",4,0,0,name1,0,0,name2,0,0,name3,0,0,4,2026-08-01,2027-08-01
48702633-00fa-4e4e-b1ee-e3f1088875ba,1724712310045,1f82347d-0ea6-4496-958c-2aa5e8604f20,1,7.5,2023,127,1,4,0.53,"[{""id"":1,""field_0"":""Test"",""field_0_name"":""name"",""field_0_type"":""text"",""field_0_list"":false,""field_1"":1,""field_1_name"":""id"",""field_1_type"":""int"",""field_1_list"":false}]",4,0,0,name1,0,0,name2,0,0,name3,0,0,4,2023-08-07,2024-08-07
4a933bac-5efd-4f72-8717-53ffedd7d539,1724267147756,686875dc-b456-4d20-9d42-9668819e060f,3,,,125,2,0,0,[],0,0,0,,0,0,,0,0,,0,0,0,2026-08-02,2027-08-02
4add83ef-ef5d-402f-ac4f-390d1af1329f,1724267148008,b6ed8fc3-ee34-437a-8e1f-c6cfe11d7492,3,,,125,2,0,0,[],0,0,0,,0,0,,0,0,,0,0,0,2026-08-02,2027-08-02
4b1acd33-945d-4438-8766-56fc306d2405,1732241476027,cafe5850-3e06-41ef-a3b6-e1a82c4eb17a,1,7.5,2023,130,2,116,15.47,"[{""id"":1,""field_0"":""Test"",""field_0_name"":""name"",""field_0_type"":""text"",""field_0_list"":false,""field_1"":1,""field_1_name"":""id"",""field_1_type"":""int"",""field_1_list"":false}]",4,5,4,name1,3,4,name2,7,2,name3,7,4,4,2024-08-12,2025-08-12
4b47275f-9ce2-489f-8f82-c0dd162ae7ef,1732241476430,2219688e-5782-4c80-ba1b-7f4c8de8e249,2,,,130,4,0,0,[],0,0,0,,0,0,,0,0,,0,0,0,2025-08-12,2026-08-12
4b5cb88c-13d1-4368-ba4c-cce4ad884d75,1728423685152,a4debeb0-3ad4-482f-9d0f-09b36d46e645,4,7.5,2023,129,2,116,15.47,"[{""id"":1,""field_0"":""Test"",""field_0_name"":""name"",""field_0_type"":""text"",""field_0_list"":false,""field_1"":1,""field_1_name"":""id"",""field_1_type"":""int"",""field_1_list"":false}]",4,5,4,name1,3,4,name2,7,2,name3,7,4,4,2027-09-01,2028-09-01
4d7f5bcd-3591-40dc-be5a-7061fa290d66,1724264323996,b6ed8fc3-ee34-437a-8e1f-c6cfe11d7492,1,7.5,2023,124,2,186,24.8,"[{""id"":1,""field_0"":""Test"",""field_0_name"":""name"",""field_0_type"":""text"",""field_0_list"":false,""field_1"":1,""field_1_name"":""id"",""field_1_type"":""int"",""field_1_list"":false}]",4,5,4,name1,3,4,name2,7,2,name3,7,4,4,2023-08-01,2024-08-01
4ead2c1c-a941-49a0-bf9d-b3a4ac498b6c,1732742994827,479e824b-31a0-49c0-b770-2b218c03e7e1,4,7.5,2023,132,2,130,17.33,"[{""id"":1,""field_0"":""Test"",""field_0_name"":""name"",""field_0_type"":""text"",""field_0_list"":false,""field_1"":1,""field_1_name"":""id"",""field_1_type"":""int"",""field_1_list"":false}]",4,0,0,name1,0,0,name2,0,0,name3,0,0,4,2027-08-05,2028-08-05
50ed75c5-559d-4ece-9723-78b0c1b076fe,1726792334869,4365c32d-90b8-4269-8419-57319339f883,3,10,2025,128,2,50,5,"[{""id"":1,""field_0"":""Test"",""field_0_name"":""name"",""field_0_type"":""text"",""field_0_list"":false,""field_1"":1,""field_1_name"":""id"",""field_1_type"":""int"",""field_1_list"":false}]",4,0,0,name1,0,0,name2,0,0,name3,0,0,4,2024-09-03,2025-03-03
574a8184-56d3-412b-81bb-5c27de25dd9a,1732742994617,686875dc-b456-4d20-9d42-9668819e060f,3,7.5,2023,132,2,0,0,"[{""id"":1,""field_0"":""Test"",""field_0_name"":""name"",""field_0_type"":""text"",""field_0_list"":false,""field_1"":1,""field_1_name"":""id"",""field_1_type"":""int"",""field_1_list"":false}]",4,0,0,name1,0,0,4,0,0,name3,0,0,4,2026-08-05,2027-08-05
593bfc82-bd48-4438-8d79-108f7c6df028,1724267146728,686875dc-b456-4d20-9d42-9668819e060f,1,,,125,1,0,0,[],0,0,0,,0,0,,0,0,,0,0,0,2024-08-02,2025-08-02
59b15e28-eb42-409b-bee7-c24415bc7b98,1732241477709,1f82347d-0ea6-4496-958c-2aa5e8604f20,4,7.5,2023,130,2,0,0,"[{""id"":1,""field_0"":""Test"",""field_0_name"":""name"",""field_0_type"":""text"",""field_0_list"":false,""field_1"":1,""field_1_name"":""id"",""field_1_type"":""int"",""field_1_list"":false}]",4,0,0,name1,0,0,name2,0,0,name3,0,0,4,2027-08-12,2028-08-12
5c0598c0-bb5f-44dd-91e2-b1af1dd310aa,1724264260309,6ea3251c-79ac-4d26-8331-6d6c5474ba3f,4,,,123,4,0,0,[],0,0,0,,0,0,,0,0,,0,0,0,2026-08-01,2027-08-01
5d55b1a3-dac6-49c9-b18d-add1da6141fd,1724267147787,479e824b-31a0-49c0-b770-2b218c03e7e1,3,,,125,2,0,0,[],0,0,0,,0,0,,0,0,,0,0,0,2026-08-02,2027-08-02
5de12eb6-f212-4871-a6fe-138cd1b15d4b,1724264259748,0e38f5b5-c4de-43f8-9f81-85cb2eb008c0,3,7.5,2023,123,2,4,0.53,"[{""id"":1,""field_0"":""Test"",""field_0_name"":""name"",""field_0_type"":""text"",""field_0_list"":false,""field_1"":1,""field_1_name"":""id"",""field_1_type"":""int"",""field_1_list"":false}]",4,0,0,name1,0,0,name2,0,0,name3,0,0,4,2025-08-01,2026-08-01
5e5523ef-004d-462d-8fb8-c26bcc7fcd21,1732737742854,b6ed8fc3-ee34-437a-8e1f-c6cfe11d7492,3,7.5,2023,131,2,186,24.8,"[{""id"":1,""field_0"":""Test"",""field_0_name"":""name"",""field_0_type"":""text"",""field_0_list"":false,""field_1"":1,""field_1_name"":""id"",""field_1_type"":""int"",""field_1_list"":false}]",4,5,4,name1,3,4,name2,7,2,name3,7,4,4,2026-08-05,2027-08-05
5fa00e52-ffd4-47db-827f-2d1cdcd4c2b2,1728423682536,545d9bc3-4479-46fa-b242-de08a7ebd920,1,7.5,2023,129,2,116,15.47,"[{""id"":1,""field_0"":""Test"",""field_0_name"":""name"",""field_0_type"":""text"",""field_0_list"":false,""field_1"":1,""field_1_name"":""id"",""field_1_type"":""int"",""field_1_list"":false}]",4,5,4,name1,3,4,name2,7,2,name3,7,4,4,2024-09-01,2025-09-01
60485ac3-6ecb-47a1-a945-41a1e05fb4b5,1724264257975,83fee40d-f660-48c5-a22f-9794bf229a23,1,10,2023,123,4,0,0,"[{""id"":1,""field_0"":""Test"",""field_0_name"":""name"",""field_0_type"":""text"",""field_0_list"":false,""field_1"":1,""field_1_name"":""id"",""field_1_type"":""int"",""field_1_list"":false}]",4,5,5,name1,0,0,name2,0,0,name3,0,0,4,2023-08-01,2024-08-01
60d3577b-75e0-4a77-984a-3fdaf36e12c4,1724712311757,1f82347d-0ea6-4496-958c-2aa5e8604f20,4,7.5,2023,127,2,4,0.53,"[{""id"":1,""field_0"":""Test"",""field_0_name"":""name"",""field_0_type"":""text"",""field_0_list"":false,""field_1"":1,""field_1_name"":""id"",""field_1_type"":""int"",""field_1_list"":false}]",4,0,0,name1,0,0,name2,0,0,name3,0,0,4,2026-08-07,2027-08-07
627c1d44-3d00-4c71-aaa0-bd1cb3dd9070,1732241477108,cafe5850-3e06-41ef-a3b6-e1a82c4eb17a,3,7.5,2023,130,2,116,15.47,"[{""id"":1,""field_0"":""Test"",""field_0_name"":""name"",""field_0_type"":""text"",""field_0_list"":false,""field_1"":1,""field_1_name"":""id"",""field_1_type"":""int"",""field_1_list"":false}]",4,5,4,name1,3,4,name2,7,2,name3,7,4,4,2026-08-12,2027-08-12
63041174-fb07-47a5-b2b2-88e90f650996,1728423682791,7027dbe0-189c-451d-81cb-b6964116e77c,1,7.5,2023,129,1,0,0,"[{""id"":1,""field_0"":""Test"",""field_0_name"":""name"",""field_0_type"":""text"",""field_0_list"":false,""field_1"":1,""field_1_name"":""id"",""field_1_type"":""int"",""field_1_list"":false}]",4,0,0,name1,0,0,name2,0,0,name3,0,0,4,2024-09-01,2025-09-01
63db7316-8f8c-4670-8f4d-9e672dfda92b,1732241477450,de8dfe8e-da73-4c85-91a1-8dee7e304ab1,4,7.5,2023,130,2,116,15.47,"[{""id"":1,""field_0"":""Test"",""field_0_name"":""name"",""field_0_type"":""text"",""field_0_list"":false,""field_1"":1,""field_1_name"":""id"",""field_1_type"":""int"",""field_1_list"":false}]",4,5,4,name1,3,4,name2,7,2,name3,7,4,4,2027-08-12,2028-08-12
69eb2023-209c-4fee-a1a6-8929f0c3733e,1724264325537,686875dc-b456-4d20-9d42-9668819e060f,3,7.5,2023,124,1,0,0,"[{""id"":1,""field_0"":""Test"",""field_0_name"":""name"",""field_0_type"":""text"",""field_0_list"":false,""field_1"":1,""field_1_name"":""id"",""field_1_type"":""int"",""field_1_list"":false}]",4,5,5,name1,3,4,0,7,2,name3,7,4,4,2025-08-01,2026-08-01
6a820aa3-2ff9-4e5d-a58c-f7f1683d1765,1732737742613,686875dc-b456-4d20-9d42-9668819e060f,4,7.5,2023,131,2,4,0.53,"[{""id"":1,""field_0"":""Test"",""field_0_name"":""name"",""field_0_type"":""text"",""field_0_list"":false,""field_1"":1,""field_1_name"":""id"",""field_1_type"":""int"",""field_1_list"":false}]",4,0,0,name1,0,0,name2,0,0,name3,0,0,4,2027-08-05,2028-08-05
6c456996-1535-42e4-bc04-68b2fbbd181d,1724267146726,83fee40d-f660-48c5-a22f-9794bf229a23,1,,,125,4,0,0,[],0,0,0,,0,0,,0,0,,0,0,0,2024-08-02,2025-08-02
6d623450-098e-4e4b-a998-407ec9ce6222,1724264260133,0d5b7dc4-b956-482a-a97f-38905d95c506,3,7.5,2023,123,2,186,24.8,"[{""id"":1,""field_0"":""Test"",""field_0_name"":""name"",""field_0_type"":""text"",""field_0_list"":false,""field_1"":1,""field_1_name"":""id"",""field_1_type"":""int"",""field_1_list"":false}]",4,0,0,name1,0,0,name2,0,0,name3,0,0,4,2025-08-01,2026-08-01
6f9c3e2e-8398-4f2b-ac62-5f01aefddfbf,1728423683600,68d4e275-1abb-42b7-9660-067332ecac37,2,,,129,4,0,0,[],0,0,0,,0,0,,0,0,,0,0,0,2025-09-01,2026-09-01
72f6ade1-d6ba-466d-887d-d1485e9535cb,1728423685115,7027dbe0-189c-451d-81cb-b6964116e77c,4,7.5,2023,129,2,0,0,"[{""id"":1,""field_0"":""Test"",""field_0_name"":""name"",""field_0_type"":""text"",""field_0_list"":false,""field_1"":1,""field_1_name"":""id"",""field_1_type"":""int"",""field_1_list"":false}]",4,0,0,name1,0,0,name2,0,0,name3,0,0,4,2027-09-01,2028-09-01
736b1531-8c21-4ce4-9274-ff7a8dc1314a,1726792334864,9bea11fc-4303-4e7e-9ea1-4ec61b76f536,2,10,2024,128,2,100,10,"[{""id"":1,""field_0"":""Test"",""field_0_name"":""name"",""field_0_type"":""text"",""field_0_list"":false,""field_1"":1,""field_1_name"":""id"",""field_1_type"":""int"",""field_1_list"":false}]",4,0,0,name1,0,0,name2,0,0,name3,0,0,4,2024-09-03,2025-03-03
74451b6f-c060-4271-bf1e-bee227cfd3bf,1724712311064,1f82347d-0ea6-4496-958c-2aa5e8604f20,3,7.5,2023,127,2,4,0.53,"[{""id"":1,""field_0"":""Test"",""field_0_name"":""name"",""field_0_type"":""text"",""field_0_list"":false,""field_1"":1,""field_1_name"":""id"",""field_1_type"":""int"",""field_1_list"":false}]",4,0,0,name1,0,0,name2,0,0,name3,0,0,4,2025-08-07,2026-08-07
757f69db-4a56-49fc-b74b-4e36d51c7a21,1724264260767,686875dc-b456-4d20-9d42-9668819e060f,4,7.5,2023,123,2,4,0.53,"[{""id"":1,""field_0"":""Test"",""field_0_name"":""name"",""field_0_type"":""text"",""field_0_list"":false,""field_1"":1,""field_1_name"":""id"",""field_1_type"":""int"",""field_1_list"":false}]",4,0,0,name1,0,0,name2,0,0,name3,0,0,4,2026-08-01,2027-08-01
7982ab17-13e9-4fff-bb46-32349212dec3,1726792334871,383a48ed-f185-4791-a5fd-67b8e849d2e4,3,10,2025,128,2,50,5,"[{""id"":1,""field_0"":""Test"",""field_0_name"":""name"",""field_0_type"":""text"",""field_0_list"":false,""field_1"":1,""field_1_name"":""id"",""field_1_type"":""int"",""field_1_list"":false}]",4,0,0,name1,0,0,name2,0,0,name3,0,0,4,2024-09-03,2025-03-03
7aaa7234-810b-4394-82bb-de797e2519e1,1725382045738,4365c32d-90b8-4269-8419-57319339f883,1,10,2023,128,2,50,5,"[{""id"":1,""field_0"":""Test"",""field_0_name"":""name"",""field_0_type"":""text"",""field_0_list"":false,""field_1"":1,""field_1_name"":""id"",""field_1_type"":""int"",""field_1_list"":false}]",4,0,0,name1,0,0,name2,0,0,name3,0,0,4,2024-09-03,2025-03-03
7ce9132c-3a93-4edb-9fa3-97ccd806c255,1724712309568,cafe5850-3e06-41ef-a3b6-e1a82c4eb17a,1,7.5,2023,127,2,116,15.47,"[{""id"":1,""field_0"":""Test"",""field_0_name"":""name"",""field_0_type"":""text"",""field_0_list"":false,""field_1"":1,""field_1_name"":""id"",""field_1_type"":""int"",""field_1_list"":false}]",4,5,4,name1,3,4,name2,7,2,name3,7,4,4,2023-08-07,2024-08-07
7da86466-c618-49a9-834e-6234d9cd8491,1724267146921,b6ed8fc3-ee34-437a-8e1f-c6cfe11d7492,1,,,125,1,0,0,[],0,0,0,,0,0,,0,0,,0,0,0,2024-08-02,2025-08-02
7e3cab1b-841a-4c9f-8429-2ee552d08fab,1732241477648,cafe5850-3e06-41ef-a3b6-e1a82c4eb17a,4,7.5,2023,130,2,116,15.47,"[{""id"":1,""field_0"":""Test"",""field_0_name"":""name"",""field_0_type"":""text"",""field_0_list"":false,""field_1"":1,""field_1_name"":""id"",""field_1_type"":""int"",""field_1_list"":false}]",4,5,4,name1,3,4,name2,7,2,name3,7,4,4,2027-08-12,2028-08-12
81c3397a-f9c5-4d04-a3cc-521adaa62853,1724264260611,73533523-991b-4ec9-8475-bc1588f307d5,4,7.5,2023,123,2,205,27.33,"[{""id"":1,""field_0"":""Test"",""field_0_name"":""name"",""field_0_type"":""text"",""field_0_list"":false,""field_1"":1,""field_1_name"":""id"",""field_1_type"":""int"",""field_1_list"":false}]",4,5,4,name1,3,4,name2,7,2,name3,7,4,4,2026-08-01,2027-08-01
8245c6e3-2a6e-4477-818b-fa629c849c75,1724712310235,de8dfe8e-da73-4c85-91a1-8dee7e304ab1,1,7.5,2023,127,1,116,15.47,"[{""id"":1,""field_0"":""Test"",""field_0_name"":""name"",""field_0_type"":""text"",""field_0_list"":false,""field_1"":1,""field_1_name"":""id"",""field_1_type"":""int"",""field_1_list"":false}]",4,0,0,name1,0,0,name2,0,0,name3,0,0,4,2023-08-07,2024-08-07
87b9c68c-0224-4ceb-baeb-cfc8cb6af318,1724264257952,73533523-991b-4ec9-8475-bc1588f307d5,1,7.5,2023,123,2,130,17.33,"[{""id"":1,""field_0"":""Test"",""field_0_name"":""name"",""field_0_type"":""text"",""field_0_list"":false,""field_1"":1,""field_1_name"":""id"",""field_1_type"":""int"",""field_1_list"":false}]",4,5,4,name1,3,4,name2,7,2,name3,7,4,4,2023-08-01,2024-08-01
8a4047d1-f077-4029-b5a3-730401ee4be1,1724264324258,83fee40d-f660-48c5-a22f-9794bf229a23,1,10,2023,124,4,0,0,"[{""id"":1,""field_0"":""Test"",""field_0_name"":""name"",""field_0_type"":""text"",""field_0_list"":false,""field_1"":1,""field_1_name"":""id"",""field_1_type"":""int"",""field_1_list"":false}]",4,5,5,name1,0,0,name2,0,0,name3,0,0,4,2023-08-01,2024-08-01
8a4d3081-9fad-442d-83e2-f2833486b9b7,1732737742263,686875dc-b456-4d20-9d42-9668819e060f,3,7.5,2023,131,2,4,0.53,"[{""id"":1,""field_0"":""Test"",""field_0_name"":""name"",""field_0_type"":""text"",""field_0_list"":false,""field_1"":1,""field_1_name"":""id"",""field_1_type"":""int"",""field_1_list"":false}]",4,0,0,name1,0,0,name2,0,0,name3,0,0,4,2026-08-05,2027-08-05
8b6f6c02-7e39-46ab-af2f-2bb57a39e92b,1724264259559,83fee40d-f660-48c5-a22f-9794bf229a23,4,,,123,4,0,0,[],0,0,0,,0,0,,0,0,,0,0,0,2026-08-01,2027-08-01
8c2e8534-c363-4a7e-af11-cdced04da997,1728423683066,a4debeb0-3ad4-482f-9d0f-09b36d46e645,1,7.5,2023,129,2,116,15.47,"[{""id"":1,""field_0"":""Test"",""field_0_name"":""name"",""field_0_type"":""text"",""field_0_list"":false,""field_1"":1,""field_1_name"":""id"",""field_1_type"":""int"",""field_1_list"":false}]",4,5,4,name1,3,4,name2,7,2,name3,7,4,4,2024-09-01,2025-09-01
8d9af131-302b-46e8-912c-182d4a225e64,1724264325316,686875dc-b456-4d20-9d42-9668819e060f,2,7.5,2023,124,1,0,0,"[{""id"":1,""field_0"":""Test"",""field_0_name"":""name"",""field_0_type"":""text"",""field_0_list"":false,""field_1"":1,""field_1_name"":""id"",""field_1_type"":""int"",""field_1_list"":false}]",4,5,5,name1,3,4,0,7,2,name3,7,4,4,2024-08-01,2025-08-01
8dff3882-71c5-4d8e-afed-6550e28d3d90,1724264325330,479e824b-31a0-49c0-b770-2b218c03e7e1,4,7.5,2023,124,2,130,17.33,"[{""id"":1,""field_0"":""Test"",""field_0_name"":""name"",""field_0_type"":""text"",""field_0_list"":false,""field_1"":1,""field_1_name"":""id"",""field_1_type"":""int"",""field_1_list"":false}]",4,5,4,name1,3,4,name2,7,2,name3,7,4,4,2026-08-01,2027-08-01
8f54b2fc-309a-4de9-b67b-4365481954a1,1724267147045,83fee40d-f660-48c5-a22f-9794bf229a23,2,,,125,4,0,0,[],0,0,0,,0,0,,0,0,,0,0,0,2025-08-02,2026-08-02
8fcb9e2f-ac16-49eb-9b1c-ca3bd6740a01,1724267147998,686875dc-b456-4d20-9d42-9668819e060f,4,,,125,2,0,0,[],0,0,0,,0,0,,0,0,,0,0,0,2027-08-02,2028-08-02
911164a9-5104-40e8-9b79-e6f188aa41fb,1732742994947,686875dc-b456-4d20-9d42-9668819e060f,4,7.5,2023,132,2,0,0,"[{""id"":1,""field_0"":""Test"",""field_0_name"":""name"",""field_0_type"":""text"",""field_0_list"":false,""field_1"":1,""field_1_name"":""id"",""field_1_type"":""int"",""field_1_list"":false}]",4,0,0,name1,0,0,4,0,0,name3,0,0,4,2027-08-05,2028-08-05
931083ee-82e7-484f-9abc-0979d1d2ba56,1724264324720,83fee40d-f660-48c5-a22f-9794bf229a23,3,,,124,4,0,0,[],0,0,0,,0,0,,0,0,,0,0,0,2025-08-01,2026-08-01
941b9358-b050-4ffe-95fb-2145dbf24e3c,1724264258282,686875dc-b456-4d20-9d42-9668819e060f,1,7.5,2023,123,1,4,0.53,"[{""id"":1,""field_0"":""Test"",""field_0_name"":""name"",""field_0_type"":""text"",""field_0_list"":false,""field_1"":1,""field_1_name"":""id"",""field_1_type"":""int"",""field_1_list"":false}]",4,0,0,name1,0,0,name2,0,0,name3,0,0,4,2023-08-01,2024-08-01
94ba669b-6d3b-4b12-ac49-0d04d8c46cb0,1732241476941,2219688e-5782-4c80-ba1b-7f4c8de8e249,3,,,130,4,0,0,[],0,0,0,,0,0,,0,0,,0,0,0,2026-08-12,2027-08-12
95b69a0d-f831-4376-969c-cfa9f0557150,1724295108737,83fee40d-f660-48c5-a22f-9794bf229a23,3,,,126,4,0,0,[],0,0,0,,0,0,,0,0,,0,0,0,2025-08-07,2026-08-07
963559e0-34d6-4309-843d-c3de15851dac,1725382044474,9bea11fc-4303-4e7e-9ea1-4ec61b76f536,1,10,2023,128,2,100,10,"[{""id"":1,""field_0"":""Test"",""field_0_name"":""name"",""field_0_type"":""text"",""field_0_list"":false,""field_1"":1,""field_1_name"":""id"",""field_1_type"":""int"",""field_1_list"":false}]",4,0,0,name1,0,0,name2,0,0,name3,0,0,4,2024-09-03,2025-03-03
96a79f08-9b18-4281-b08b-2293cc19a765,1726792334873,9bea11fc-4303-4e7e-9ea1-4ec61b76f536,3,10,2025,128,2,100,10,"[{""id"":1,""field_0"":""Test"",""field_0_name"":""name"",""field_0_type"":""text"",""field_0_list"":false,""field_1"":1,""field_1_name"":""id"",""field_1_type"":""int"",""field_1_list"":false}]",4,0,0,name1,0,0,name2,0,0,name3,0,0,4,2024-09-03,2025-03-03
9898bccc-6940-4848-a831-82375cedf522,1724264260110,b6ed8fc3-ee34-437a-8e1f-c6cfe11d7492,4,7.5,2023,123,2,186,24.8,"[{""id"":1,""field_0"":""Test"",""field_0_name"":""name"",""field_0_type"":""text"",""field_0_list"":false,""field_1"":1,""field_1_name"":""id"",""field_1_type"":""int"",""field_1_list"":false}]",4,5,4,name1,3,4,name2,7,2,name3,7,4,4,2026-08-01,2027-08-01
9953cad2-daa0-4f1d-88b7-4a152f6344d7,1724264324760,479e824b-31a0-49c0-b770-2b218c03e7e1,2,7.5,2023,124,2,130,17.33,"[{""id"":1,""field_0"":""Test"",""field_0_name"":""name"",""field_0_type"":""text"",""field_0_list"":false,""field_1"":1,""field_1_name"":""id"",""field_1_type"":""int"",""field_1_list"":false}]",4,5,4,name1,3,4,name2,7,2,name3,7,4,4,2024-08-01,2025-08-01
9a36e9ce-8929-4b24-92a7-14b1ebe1effb,1724295108667,b6ed8fc3-ee34-437a-8e1f-c6cfe11d7492,3,7.5,2023,126,2,186,24.8,"[{""id"":1,""field_0"":""Test"",""field_0_name"":""name"",""field_0_type"":""text"",""field_0_list"":false,""field_1"":1,""field_1_name"":""id"",""field_1_type"":""int"",""field_1_list"":false}]",4,5,4,name1,3,4,name2,7,2,name3,7,4,4,2025-08-07,2026-08-07
9ab2c0c6-8436-4281-8e3b-04c6660e0f31,1732241476962,de8dfe8e-da73-4c85-91a1-8dee7e304ab1,3,7.5,2023,130,2,116,15.47,"[{""id"":1,""field_0"":""Test"",""field_0_name"":""name"",""field_0_type"":""text"",""field_0_list"":false,""field_1"":1,""field_1_name"":""id"",""field_1_type"":""int"",""field_1_list"":false}]",4,5,4,name1,3,4,name2,7,2,name3,7,4,4,2026-08-12,2027-08-12
9b8b6b8e-4c5d-44b4-89ae-ecd546eb2cb6,1724712310584,1f82347d-0ea6-4496-958c-2aa5e8604f20,2,7.5,2023,127,2,4,0.53,"[{""id"":1,""field_0"":""Test"",""field_0_name"":""name"",""field_0_type"":""text"",""field_0_list"":false,""field_1"":1,""field_1_name"":""id"",""field_1_type"":""int"",""field_1_list"":false}]",4,0,0,name1,0,0,name2,0,0,name3,0,0,4,2024-08-07,2025-08-07
9ce62662-1d83-40e5-bdb2-0951cf9594f3,1724264324752,686875dc-b456-4d20-9d42-9668819e060f,1,7.5,2023,124,1,0,0,"[{""id"":1,""field_0"":""Test"",""field_0_name"":""name"",""field_0_type"":""text"",""field_0_list"":false,""field_1"":1,""field_1_name"":""id"",""field_1_type"":""int"",""field_1_list"":false}]",4,5,5,name1,3,4,0,7,2,name3,7,4,4,2023-08-01,2024-08-01
9df567de-9d78-41f0-ada2-ed4425586d8a,1724264258964,b6ed8fc3-ee34-437a-8e1f-c6cfe11d7492,2,7.5,2023,123,2,186,24.8,"[{""id"":1,""field_0"":""Test"",""field_0_name"":""name"",""field_0_type"":""text"",""field_0_list"":false,""field_1"":1,""field_1_name"":""id"",""field_1_type"":""int"",""field_1_list"":false}]",4,5,4,name1,3,4,name2,7,2,name3,7,4,4,2024-08-01,2025-08-01
9e6dcb12-568a-44b1-b663-4278e29939b7,1732742995150,83fee40d-f660-48c5-a22f-9794bf229a23,4,,,132,4,0,0,[],0,0,0,,0,0,,0,0,,0,0,0,2027-08-05,2028-08-05
9f8a1379-8320-4458-9acf-6b5b02b31fd6,1732241477485,2219688e-5782-4c80-ba1b-7f4c8de8e249,4,,,130,4,0,0,[],0,0,0,,0,0,,0,0,,0,0,0,2027-08-12,2028-08-12
a0a5e83e-602e-4ff0-8a7c-576a7488f2dd,1732742993574,b6ed8fc3-ee34-437a-8e1f-c6cfe11d7492,1,7.5,2023,132,1,186,24.8,"[{""id"":1,""field_0"":""Test"",""field_0_name"":""name"",""field_0_type"":""text"",""field_0_list"":false,""field_1"":1,""field_1_name"":""id"",""field_1_type"":""int"",""field_1_list"":false}]",4,0,0,name1,0,0,name2,0,0,name3,0,0,4,2024-08-05,2025-08-05
a1c24985-955d-4661-a592-d640ccdd24dd,1724712311521,cafe5850-3e06-41ef-a3b6-e1a82c4eb17a,4,7.5,2023,127,2,116,15.47,"[{""id"":1,""field_0"":""Test"",""field_0_name"":""name"",""field_0_type"":""text"",""field_0_list"":false,""field_1"":1,""field_1_name"":""id"",""field_1_type"":""int"",""field_1_list"":false}]",4,5,4,name1,3,4,name2,7,2,name3,7,4,4,2026-08-07,2027-08-07
a6376a17-7d34-43bd-9dd6-34f3e894a7ee,1725382044442,f2e9a32d-2690-4203-80a6-abfac3d16777,1,10,2023,128,4,0,0,"[{""id"":1,""field_0"":""Test"",""field_0_name"":""name"",""field_0_type"":""text"",""field_0_list"":false,""field_1"":1,""field_1_name"":""id"",""field_1_type"":""int"",""field_1_list"":false}]",4,5,5,name1,0,0,name2,0,0,name3,0,0,4,2024-09-03,2025-03-03
a6c685b8-0f6f-432e-963a-b89f1c8f1b36,1724712312238,de8dfe8e-da73-4c85-91a1-8dee7e304ab1,4,7.5,2023,127,2,116,15.47,"[{""id"":1,""field_0"":""Test"",""field_0_name"":""name"",""field_0_type"":""text"",""field_0_list"":false,""field_1"":1,""field_1_name"":""id"",""field_1_type"":""int"",""field_1_list"":false}]",4,0,0,name1,0,0,name2,0,0,name3,0,0,4,2026-08-07,2027-08-07
abf40bf6-76f3-499b-9511-eecbf8fff905,1728423684159,7027dbe0-189c-451d-81cb-b6964116e77c,3,7.5,2023,129,2,0,0,"[{""id"":1,""field_0"":""Test"",""field_0_name"":""name"",""field_0_type"":""text"",""field_0_list"":false,""field_1"":1,""field_1_name"":""id"",""field_1_type"":""int"",""field_1_list"":false}]",4,0,0,name1,0,0,name2,0,0,name3,0,0,4,2026-09-01,2027-09-01
ad5106ba-5916-4ac8-aa97-3968faf27460,1732241476628,cafe5850-3e06-41ef-a3b6-e1a82c4eb17a,2,7.5,2023,130,2,116,15.47,"[{""id"":1,""field_0"":""Test"",""field_0_name"":""name"",""field_0_type"":""text"",""field_0_list"":false,""field_1"":1,""field_1_name"":""id"",""field_1_type"":""int"",""field_1_list"":false}]",4,5,4,name1,3,4,name2,7,2,name3,7,4,4,2025-08-12,2026-08-12
ae8c6d4b-3f3a-4515-b047-1032e059d6c1,1724264259079,83fee40d-f660-48c5-a22f-9794bf229a23,3,,,123,4,0,0,[],0,0,0,,0,0,,0,0,,0,0,0,2025-08-01,2026-08-01
af033452-c727-407d-8886-1cdb4d2c633f,1728423684692,68d4e275-1abb-42b7-9660-067332ecac37,4,,,129,4,0,0,[],0,0,0,,0,0,,0,0,,0,0,0,2027-09-01,2028-09-01
af6d71f9-3d3a-4cb3-9e43-4d294fda8552,1724712310615,2219688e-5782-4c80-ba1b-7f4c8de8e249,2,,,127,4,0,0,[],0,0,0,,0,0,,0,0,,0,0,0,2024-08-07,2025-08-07
affd3779-96f7-4cbf-9d98-a4e8df8c80bd,1732241476571,de8dfe8e-da73-4c85-91a1-8dee7e304ab1,2,7.5,2023,130,2,116,15.47,"[{""id"":1,""field_0"":""Test"",""field_0_name"":""name"",""field_0_type"":""text"",""field_0_list"":false,""field_1"":1,""field_1_name"":""id"",""field_1_type"":""int"",""field_1_list"":false}]",4,5,4,name1,3,4,name2,7,2,name3,7,4,4,2025-08-12,2026-08-12
b0081ae8-ff81-46fb-8365-5008f73f1bf2,1726792334858,4365c32d-90b8-4269-8419-57319339f883,2,10,2024,128,2,50,5,"[{""id"":1,""field_0"":""Test"",""field_0_name"":""name"",""field_0_type"":""text"",""field_0_list"":false,""field_1"":1,""field_1_name"":""id"",""field_1_type"":""int"",""field_1_list"":false}]",4,0,0,name1,0,0,name2,0,0,name3,0,0,4,2024-09-03,2025-03-03
b291c76c-5fcb-4099-a84c-6ec90fb3bdd8,1724295108176,686875dc-b456-4d20-9d42-9668819e060f,2,7.5,2023,126,2,0,0,"[{""id"":1,""field_0"":""Test"",""field_0_name"":""name"",""field_0_type"":""text"",""field_0_list"":false,""field_1"":1,""field_1_name"":""id"",""field_1_type"":""int"",""field_1_list"":false}]",4,0,0,name1,0,0,4,0,0,name3,0,0,4,2024-08-07,2025-08-07
b4483c44-20cd-4e10-b208-033031165e63,1724295109060,b6ed8fc3-ee34-437a-8e1f-c6cfe11d7492,4,7.5,2023,126,2,186,24.8,"[{""id"":1,""field_0"":""Test"",""field_0_name"":""name"",""field_0_type"":""text"",""field_0_list"":false,""field_1"":1,""field_1_name"":""id"",""field_1_type"":""int"",""field_1_list"":false}]",4,5,4,name1,3,4,name2,7,2,name3,7,4,4,2026-08-07,2027-08-07
b47512e0-f3c5-4394-a1f9-992aae0203c8,1728423684387,68d4e275-1abb-42b7-9660-067332ecac37,3,,,129,4,0,0,[],0,0,0,,0,0,,0,0,,0,0,0,2026-09-01,2027-09-01
b5fae110-7d01-43fe-98c4-14923f066b05,1724295108652,479e824b-31a0-49c0-b770-2b218c03e7e1,3,7.5,2023,126,2,130,17.33,"[{""id"":1,""field_0"":""Test"",""field_0_name"":""name"",""field_0_type"":""text"",""field_0_list"":false,""field_1"":1,""field_1_name"":""id"",""field_1_type"":""int"",""field_1_list"":false}]",4,0,0,name1,0,0,name2,0,0,name3,0,0,4,2025-08-07,2026-08-07
b6e11cd8-ff80-4d36-907a-bb6d6956881b,1732742994158,83fee40d-f660-48c5-a22f-9794bf229a23,2,,,132,4,0,0,[],0,0,0,,0,0,,0,0,,0,0,0,2025-08-05,2026-08-05
b74a2092-aa2a-46e7-b140-0d6a216cf24f,1732737743729,83fee40d-f660-48c5-a22f-9794bf229a23,4,,,131,4,0,0,[],0,0,0,,0,0,,0,0,,0,0,0,2027-08-05,2028-08-05
bbbfc899-db6e-41de-8503-af9ba84aceb9,1728423683482,7027dbe0-189c-451d-81cb-b6964116e77c,2,7.5,2023,129,2,0,0,"[{""id"":1,""field_0"":""Test"",""field_0_name"":""name"",""field_0_type"":""text"",""field_0_list"":false,""field_1"":1,""field_1_name"":""id"",""field_1_type"":""int"",""field_1_list"":false}]",4,0,0,name1,0,0,name2,0,0,name3,0,0,4,2025-09-01,2026-09-01
c1b5ec48-87b1-4744-bedf-de5042b19a95,1732737740974,686875dc-b456-4d20-9d42-9668819e060f,1,7.5,2023,131,1,4,0.53,"[{""id"":1,""field_0"":""Test"",""field_0_name"":""name"",""field_0_type"":""text"",""field_0_list"":false,""field_1"":1,""field_1_name"":""id"",""field_1_type"":""int"",""field_1_list"":false}]",4,0,0,name1,0,0,name2,0,0,name3,0,0,4,2024-08-05,2025-08-05
c274942a-f8b2-4dfa-a9e0-af149e6c601e,1724295107470,479e824b-31a0-49c0-b770-2b218c03e7e1,1,7.5,2023,126,1,130,17.33,"[{""id"":1,""field_0"":""Test"",""field_0_name"":""name"",""field_0_type"":""text"",""field_0_list"":false,""field_1"":1,""field_1_name"":""id"",""field_1_type"":""int"",""field_1_list"":false}]",4,0,0,name1,0,0,name2,0,0,name3,0,0,4,2023-08-07,2024-08-07
c2fe3390-fd5b-4f8f-805d-d342aeb1db39,1724267146840,479e824b-31a0-49c0-b770-2b218c03e7e1,1,,,125,1,0,0,[],0,0,0,,0,0,,0,0,,0,0,0,2024-08-02,2025-08-02
c583a9cc-653e-4c81-a20c-1f9fa2dc8b70,1724712311677,de8dfe8e-da73-4c85-91a1-8dee7e304ab1,3,7.5,2023,127,2,116,15.47,"[{""id"":1,""field_0"":""Test"",""field_0_name"":""name"",""field_0_type"":""text"",""field_0_list"":false,""field_1"":1,""field_1_name"":""id"",""field_1_type"":""int"",""field_1_list"":false}]",4,0,0,name1,0,0,name2,0,0,name3,0,0,4,2025-08-07,2026-08-07
c6797ddf-72ce-4ee5-93de-abfb93ace887,1732737741440,479e824b-31a0-49c0-b770-2b218c03e7e1,1,7.5,2023,131,2,130,17.33,"[{""id"":1,""field_0"":""Test"",""field_0_name"":""name"",""field_0_type"":""text"",""field_0_list"":false,""field_1"":1,""field_1_name"":""id"",""field_1_type"":""int"",""field_1_list"":false}]",4,5,4,name1,3,4,name2,7,2,name3,7,4,4,2024-08-05,2025-08-05
c685aa6a-8563-4d8b-8895-8ad558e710bf,1724267147296,479e824b-31a0-49c0-b770-2b218c03e7e1,2,,,125,2,0,0,[],0,0,0,,0,0,,0,0,,0,0,0,2025-08-02,2026-08-02
c7d626ea-3d7d-4e5d-9702-f3cb9f895846,1732737743542,83fee40d-f660-48c5-a22f-9794bf229a23,3,,,131,4,0,0,[],0,0,0,,0,0,,0,0,,0,0,0,2026-08-05,2027-08-05
c8e12b7d-17b0-4946-89ba-c155bfa169bb,1724295107985,479e824b-31a0-49c0-b770-2b218c03e7e1,2,7.5,2023,126,2,130,17.33,"[{""id"":1,""field_0"":""Test"",""field_0_name"":""name"",""field_0_type"":""text"",""field_0_list"":false,""field_1"":1,""field_1_name"":""id"",""field_1_type"":""int"",""field_1_list"":false}]",4,0,0,name1,0,0,name2,0,0,name3,0,0,4,2024-08-07,2025-08-07
cadf474c-ef26-4c16-ae48-b44d36368905,1732241476128,de8dfe8e-da73-4c85-91a1-8dee7e304ab1,1,7.5,2023,130,2,116,15.47,"[{""id"":1,""field_0"":""Test"",""field_0_name"":""name"",""field_0_type"":""text"",""field_0_list"":false,""field_1"":1,""field_1_name"":""id"",""field_1_type"":""int"",""field_1_list"":false}]",4,5,4,name1,3,4,name2,7,2,name3,7,4,4,2024-08-12,2025-08-12
cbda344c-062d-479c-a7b3-d03c18288a19,1724264258239,6ea3251c-79ac-4d26-8331-6d6c5474ba3f,1,10,2023,123,4,0,0,"[{""id"":1,""field_0"":""Test"",""field_0_name"":""name"",""field_0_type"":""text"",""field_0_list"":false,""field_1"":1,""field_1_name"":""id"",""field_1_type"":""int"",""field_1_list"":false}]",4,5,5,name1,0,0,name2,0,0,name3,0,0,4,2023-08-01,2024-08-01
ced2be01-baed-48a1-baef-d86954f9233f,1732737742417,479e824b-31a0-49c0-b770-2b218c03e7e1,3,7.5,2023,131,2,130,17.33,"[{""id"":1,""field_0"":""Test"",""field_0_name"":""name"",""field_0_type"":""text"",""field_0_list"":false,""field_1"":1,""field_1_name"":""id"",""field_1_type"":""int"",""field_1_list"":false}]",4,5,4,name1,3,4,name2,7,2,name3,7,4,4,2026-08-05,2027-08-05
d415c0e4-611a-4e84-a608-266c518986c1,1724267147322,b6ed8fc3-ee34-437a-8e1f-c6cfe11d7492,2,,,125,2,0,0,[],0,0,0,,0,0,,0,0,,0,0,0,2025-08-02,2026-08-02
d7b8eada-2cb7-48de-8d15-bd077d2b7e65,1724264258429,0e38f5b5-c4de-43f8-9f81-85cb2eb008c0,1,7.5,2023,123,1,4,0.53,"[{""id"":1,""field_0"":""Test"",""field_0_name"":""name"",""field_0_type"":""text"",""field_0_list"":false,""field_1"":1,""field_1_name"":""id"",""field_1_type"":""int"",""field_1_list"":false}]",4,0,0,name1,0,0,name2,0,0,name3,0,0,4,2023-08-01,2024-08-01
d7be7601-bd3c-4000-9ff6-6d9e9ac4f534,1732737741738,686875dc-b456-4d20-9d42-9668819e060f,2,7.5,2023,131,2,4,0.53,"[{""id"":1,""field_0"":""Test"",""field_0_name"":""name"",""field_0_type"":""text"",""field_0_list"":false,""field_1"":1,""field_1_name"":""id"",""field_1_type"":""int"",""field_1_list"":false}]",4,0,0,name1,0,0,name2,0,0,name3,0,0,4,2025-08-05,2026-08-05
dab0fc74-75ae-4d99-ba5d-acf919345443,1724264259833,479e824b-31a0-49c0-b770-2b218c03e7e1,3,7.5,2023,123,2,205,27.33,"[{""id"":1,""field_0"":""Test"",""field_0_name"":""name"",""field_0_type"":""text"",""field_0_list"":false,""field_1"":1,""field_1_name"":""id"",""field_1_type"":""int"",""field_1_list"":false}]",4,5,4,name1,3,4,name2,7,2,name3,7,4,4,2025-08-01,2026-08-01
dbedc8cc-61d9-4a46-bea5-ee9e2d4eb4bd,1732742994574,b6ed8fc3-ee34-437a-8e1f-c6cfe11d7492,4,7.5,2023,132,2,186,24.8,"[{""id"":1,""field_0"":""Test"",""field_0_name"":""name"",""field_0_type"":""text"",""field_0_list"":false,""field_1"":1,""field_1_name"":""id"",""field_1_type"":""int"",""field_1_list"":false}]",4,0,0,name1,0,0,name2,0,0,name3,0,0,4,2027-08-05,2028-08-05
e08dc159-dc3c-4674-8c4f-5b94898552e3,1724712311494,2219688e-5782-4c80-ba1b-7f4c8de8e249,3,,,127,4,0,0,[],0,0,0,,0,0,,0,0,,0,0,0,2025-08-07,2026-08-07
e0f4eb5a-f3da-4ad8-ab20-ecf406d5ae8f,1724264258478,83fee40d-f660-48c5-a22f-9794bf229a23,2,,,123,4,0,0,[],0,0,0,,0,0,,0,0,,0,0,0,2024-08-01,2025-08-01
e10d05d0-2665-43e4-858a-4f44cfc388fb,1724295109470,479e824b-31a0-49c0-b770-2b218c03e7e1,4,7.5,2023,126,2,130,17.33,"[{""id"":1,""field_0"":""Test"",""field_0_name"":""name"",""field_0_type"":""text"",""field_0_list"":false,""field_1"":1,""field_1_name"":""id"",""field_1_type"":""int"",""field_1_list"":false}]",4,0,0,name1,0,0,name2,0,0,name3,0,0,4,2026-08-07,2027-08-07
e206c671-82c2-45bb-8e8d-2da5d0c8a24b,1724712310078,2219688e-5782-4c80-ba1b-7f4c8de8e249,1,10,2023,127,4,0,0,"[{""id"":1,""field_0"":""Test"",""field_0_name"":""name"",""field_0_type"":""text"",""field_0_list"":false,""field_1"":1,""field_1_name"":""id"",""field_1_type"":""int"",""field_1_list"":false}]",4,5,5,name1,0,0,name2,0,0,name3,0,0,4,2023-08-07,2024-08-07
e2bc3a92-51c7-463f-918e-b72010c3820d,1724264259231,6ea3251c-79ac-4d26-8331-6d6c5474ba3f,2,,,123,4,0,0,[],0,0,0,,0,0,,0,0,,0,0,0,2024-08-01,2025-08-01
e3b18c20-3d50-45ba-8f4d-5d8710e2e8f7,1724264324692,b6ed8fc3-ee34-437a-8e1f-c6cfe11d7492,2,7.5,2023,124,2,186,24.8,"[{""id"":1,""field_0"":""Test"",""field_0_name"":""name"",""field_0_type"":""text"",""field_0_list"":false,""field_1"":1,""field_1_name"":""id"",""field_1_type"":""int"",""field_1_list"":false}]",4,5,4,name1,3,4,name2,7,2,name3,7,4,4,2024-08-01,2025-08-01
e4bb870a-0952-422d-94ca-68ed5e89b76f,1732742993973,479e824b-31a0-49c0-b770-2b218c03e7e1,2,7.5,2023,132,2,130,17.33,"[{""id"":1,""field_0"":""Test"",""field_0_name"":""name"",""field_0_type"":""text"",""field_0_list"":false,""field_1"":1,""field_1_name"":""id"",""field_1_type"":""int"",""field_1_list"":false}]",4,0,0,name1,0,0,name2,0,0,name3,0,0,4,2025-08-05,2026-08-05
e5422307-4d89-4fe7-9b0a-0886f3d3ca69,1724264257723,479e824b-31a0-49c0-b770-2b218c03e7e1,1,7.5,2023,123,2,205,27.33,"[{""id"":1,""field_0"":""Test"",""field_0_name"":""name"",""field_0_type"":""text"",""field_0_list"":false,""field_1"":1,""field_1_name"":""id"",""field_1_type"":""int"",""field_1_list"":false}]",4,5,4,name1,3,4,name2,7,2,name3,7,4,4,2023-08-01,2024-08-01
e893ee5d-6ba4-4a96-aa1c-3b379328bd3b,1732737742947,479e824b-31a0-49c0-b770-2b218c03e7e1,4,7.5,2023,131,2,130,17.33,"[{""id"":1,""field_0"":""Test"",""field_0_name"":""name"",""field_0_type"":""text"",""field_0_list"":false,""field_1"":1,""field_1_name"":""id"",""field_1_type"":""int"",""field_1_list"":false}]",4,5,4,name1,3,4,name2,7,2,name3,7,4,4,2027-08-05,2028-08-05
e91d69f9-7f87-4abc-a571-279d49bcc5b4,1724264259959,686875dc-b456-4d20-9d42-9668819e060f,3,7.5,2023,123,2,4,0.53,"[{""id"":1,""field_0"":""Test"",""field_0_name"":""name"",""field_0_type"":""text"",""field_0_list"":false,""field_1"":1,""field_1_name"":""id"",""field_1_type"":""int"",""field_1_list"":false}]",4,0,0,name1,0,0,name2,0,0,name3,0,0,4,2025-08-01,2026-08-01
e998d158-820b-4368-8e78-9f52c4390b10,1724264259314,686875dc-b456-4d20-9d42-9668819e060f,2,7.5,2023,123,2,4,0.53,"[{""id"":1,""field_0"":""Test"",""field_0_name"":""name"",""field_0_type"":""text"",""field_0_list"":false,""field_1"":1,""field_1_name"":""id"",""field_1_type"":""int"",""field_1_list"":false}]",4,0,0,name1,0,0,name2,0,0,name3,0,0,4,2024-08-01,2025-08-01
eb803579-4a62-4036-9d9c-df3db7103708,1732241476012,2219688e-5782-4c80-ba1b-7f4c8de8e249,1,10,2023,130,4,0,0,"[{""id"":1,""field_0"":""Test"",""field_0_name"":""name"",""field_0_type"":""text"",""field_0_list"":false,""field_1"":1,""field_1_name"":""id"",""field_1_type"":""int"",""field_1_list"":false}]",4,5,5,name1,0,0,name2,0,0,name3,0,0,4,2024-08-12,2025-08-12
ebabfba4-6b44-4dcc-8d83-f185109e3ef2,1724295109234,686875dc-b456-4d20-9d42-9668819e060f,3,7.5,2023,126,2,0,0,"[{""id"":1,""field_0"":""Test"",""field_0_name"":""name"",""field_0_type"":""text"",""field_0_list"":false,""field_1"":1,""field_1_name"":""id"",""field_1_type"":""int"",""field_1_list"":false}]",4,0,0,name1,0,0,4,0,0,name3,0,0,4,2025-08-07,2026-08-07
ebba58e6-a121-489d-bfc8-2d43510e0e38,1732737741383,b6ed8fc3-ee34-437a-8e1f-c6cfe11d7492,1,7.5,2023,131,2,186,24.8,"[{""id"":1,""field_0"":""Test"",""field_0_name"":""name"",""field_0_type"":""text"",""field_0_list"":false,""field_1"":1,""field_1_name"":""id"",""field_1_type"":""int"",""field_1_list"":false}]",4,5,4,name1,3,4,name2,7,2,name3,7,4,4,2024-08-05,2025-08-05
edab2d4f-d4d7-472a-98d5-1c667ea544ca,1724264258348,0d5b7dc4-b956-482a-a97f-38905d95c506,1,7.5,2023,123,1,186,24.8,"[{""id"":1,""field_0"":""Test"",""field_0_name"":""name"",""field_0_type"":""text"",""field_0_list"":false,""field_1"":1,""field_1_name"":""id"",""field_1_type"":""int"",""field_1_list"":false}]",4,0,0,name1,0,0,name2,0,0,name3,0,0,4,2023-08-01,2024-08-01
ee00218e-b8fd-4322-9be5-a1cd01ecbdd5,1728423683082,545d9bc3-4479-46fa-b242-de08a7ebd920,2,7.5,2023,129,2,116,15.47,"[{""id"":1,""field_0"":""Test"",""field_0_name"":""name"",""field_0_type"":""text"",""field_0_list"":false,""field_1"":1,""field_1_name"":""id"",""field_1_type"":""int"",""field_1_list"":false}]",4,5,4,name1,3,4,name2,7,2,name3,7,4,4,2025-09-01,2026-09-01
ef9132f9-c662-45f2-a784-4d6f73f45186,1724264260563,0e38f5b5-c4de-43f8-9f81-85cb2eb008c0,4,7.5,2023,123,2,4,0.53,"[{""id"":1,""field_0"":""Test"",""field_0_name"":""name"",""field_0_type"":""text"",""field_0_list"":false,""field_1"":1,""field_1_name"":""id"",""field_1_type"":""int"",""field_1_list"":false}]",4,0,0,name1,0,0,name2,0,0,name3,0,0,4,2026-08-01,2027-08-01
f3aceaf0-3743-4275-bf75-c2eff0c9afde,1732737741960,b6ed8fc3-ee34-437a-8e1f-c6cfe11d7492,2,7.5,2023,131,2,186,24.8,"[{""id"":1,""field_0"":""Test"",""field_0_name"":""name"",""field_0_type"":""text"",""field_0_list"":false,""field_1"":1,""field_1_name"":""id"",""field_1_type"":""int"",""field_1_list"":false}]",4,5,4,name1,3,4,name2,7,2,name3,7,4,4,2025-08-05,2026-08-05
f834d74d-449e-4354-baba-1c6eb78e2676,1724264259401,0d5b7dc4-b956-482a-a97f-38905d95c506,2,7.5,2023,123,2,186,24.8,"[{""id"":1,""field_0"":""Test"",""field_0_name"":""name"",""field_0_type"":""text"",""field_0_list"":false,""field_1"":1,""field_1_name"":""id"",""field_1_type"":""int"",""field_1_list"":false}]",4,0,0,name1,0,0,name2,0,0,name3,0,0,4,2024-08-01,2025-08-01
fa9984d3-13dc-4977-89f6-92f822caf3e9,1732742993704,83fee40d-f660-48c5-a22f-9794bf229a23,1,10,2023,132,4,0,0,"[{""id"":1,""field_0"":""Test"",""field_0_name"":""name"",""field_0_type"":""text"",""field_0_list"":false,""field_1"":1,""field_1_name"":""id"",""field_1_type"":""int"",""field_1_list"":false}]",4,5,5,name1,0,0,name2,0,0,name3,0,0,4,2024-08-05,2025-08-05
ff8d65cf-5e3e-45f3-a713-8d64508519d9,1732742993500,479e824b-31a0-49c0-b770-2b218c03e7e1,1,7.5,2023,132,1,130,17.33,"[{""id"":1,""field_0"":""Test"",""field_0_name"":""name"",""field_0_type"":""text"",""field_0_list"":false,""field_1"":1,""field_1_name"":""id"",""field_1_type"":""int"",""field_1_list"":false}]",4,0,0,name1,0,0,name2,0,0,name3,0,0,4,2024-08-05,2025-08-05
ffd827bf-b850-44f2-9cd9-903f448b8a07,1724712311954,2219688e-5782-4c80-ba1b-7f4c8de8e249,4,,,127,4,0,0,[],0,0,0,,0,0,,0,0,,0,0,0,2026-08-07,2027-08-07
